Title,Published_date,Views,Comments,Month
BS 19. Painter's Partition and Split Array - Largest Sum,2023-07-12,6496,44,Jul
Update on A2Z DSA course!,2023-07-05,19507,56,Jul
BS-18. Allocate Books or Book Allocation | Hard Binary Search,2023-06-27,16481,107,Jun
BS-17. Aggressive Cows | Binary Search Hard,2023-06-27,10197,45,Jun
BS-16. Kth Missing Positive Number | Maths + Binary Search,2023-06-23,10826,63,Jun
BS-15. Capacity to Ship Packages within D Days,2023-06-23,6349,42,Jun
BS-14. Find the Smallest Divisor Given a Threshold | Binary Search,2023-06-22,5376,41,Jun
BS-13. Minimum days to make M bouquets | Binary Search,2023-06-22,6922,37,Jun
BS-12. Koko Eating Bananas,2023-06-21,10861,58,Jun
BS-11. Find the Nth root of an Integer,2023-06-21,6880,45,Jun
BS-10. Finding Sqrt of a number using Binary Search,2023-06-20,8548,48,Jun
BS-9. Find Peak Element,2023-06-20,10540,74,Jun
Striver's SDE SHEET CHALLENGE 2023 | 2.25L Worth Prizes | Sheet for Interviews,2023-06-04,83108,236,Jun
BS-8. Single Element in Sorted Array,2023-06-01,18606,123,Jun
BS-7. Find out how many times array has been rotated,2023-06-01,10267,40,Jun
BS-6. Minimum in Rotated Sorted Array,2023-06-01,11868,76,Jun
BS-5. Search Element in Rotated Sorted Array II,2023-06-01,11390,80,Jun
BS-4. Search Element in Rotated Sorted Array - I,2023-06-01,18554,92,Jun
BS-3. First and Last Occurrences in Array | Count occurrences in Array,2023-06-01,15259,74,Jun
BS-2. Implement Lower Bound and Upper Bound | Search Insert Position | Floor and Ceil,2023-06-01,20611,106,Jun
BS-1. Binary Search Introduction | Real Life Example | Iterative | Recursive | Overflow Cases,2023-06-01,26064,100,Jun
"Launching Binary Search Bootcamp - C++, Java, Python, Notes, Contest, Doubt Support üî•",2023-05-17,69636,1790,May
Maximum Product Subarray - Best Intuitive Approach Discussed,2023-05-10,32418,105,May
Reverse Pairs | Hard Interview Question,2023-05-08,18158,72,May
Count Inversions in an Array | Brute and Optimal,2023-05-08,24940,59,May
‚úÖ way to showcase projects in an Tech Interview üí™,2023-05-04,30547,15,May
‚ùå do this in a DSA interview without asking!,2023-05-02,74633,29,May
Find the Missing and Repeating Number | 4 Approaches üî•,2023-04-29,19147,87,Apr
Hear it out this till the END !!,2023-04-28,96116,55,Apr
Merge Sorted Arrays Without Extra Space | 2 Optimal Solution,2023-04-27,24612,86,Apr
"Merge Overlapping Intervals | Brute, Optimal with Precise TC analysis",2023-04-25,19825,65,Apr
Number of Subarrays with xor K | Brute - Better - Optimal,2023-04-25,15505,57,Apr
Dark mode extension for all websites.,2023-04-19,15369,17,Apr
4 Sum | Brute - Better - Optimal with Codes,2023-04-18,25055,110,Apr
Github trick every Software Engineer should know about!,2023-04-17,31155,23,Apr
3 Sum | Brute -  Better - Optimal with Codes,2023-04-17,37994,109,Apr
This Leetcode's feature is a scam ‚ùå,2023-04-15,60400,48,Apr
Majority Element II | Brute-Better-Optimal,2023-04-14,21503,87,Apr
1 Crore Salary != Good Software Engineer,2023-04-13,60920,42,Apr
ChatGPT trick for converting codes in your language for Interview Preparation,2023-04-07,56869,34,Apr
Pascal Triangle | Finding nCr in minimal time,2023-04-05,35756,102,Apr
Leetcode Extension to see Company Tags | Interview Preparation,2023-04-05,32952,34,Apr
Count Subarray sum Equals K | Brute - Better -Optimal,2023-04-03,32424,85,Apr
Spiral Traversal of a Matrix | Spiral Matrix,2023-04-02,33482,96,Apr
Rotate Matrix/Image by 90 Degrees | Brute - Optimal,2023-03-30,28867,81,Mar
Set Matrix Zeroes | O(1) Space Approach | Brute - Better - Optimal,2023-03-28,56071,151,Mar
Longest Consecutive Sequence | Google Interview Question | Brute Better Optimal,2023-03-27,35160,123,Mar
Codestudio Weekend Contest 66 Editorial | Live Problem Solving | Striver,2023-03-25,8875,12,Mar
Leaders in an Array | Brute - Optimal | Strivers A2Z DSA Course,2023-03-24,20828,124,Mar
Next Permutation - Intuition in Detail üî• | Brute to Optimal,2023-03-23,55861,194,Mar
Rearrange Array Elements by Sign | 2 Varieties of same Problem,2023-03-18,29985,139,Mar
Kadane's Algorithm | Maximum Subarray Sum | Finding and Printing,2023-03-17,56532,151,Mar
Majority Element in an Array | Moore's Voting Algorithm | Intuition üî• | Brute to Optimal,2023-03-16,40044,213,Mar
Sort an array of 0's 1's & 2's | Intuition of Algoüî• | C++ Java Python | Brute-Better-Optimal,2023-03-15,47466,277,Mar
2 Sum Problem | 2 types of the same problem for Interviews | Brute-Better-Optimal,2023-03-14,47819,148,Mar
Longest Subarray with sum K | Brute - Better - Optimal | Generate Subarrays,2023-03-13,77584,201,Mar
Codestudio Weekend Contest 64 Editorial | Live Problem Solving | Striver,2023-03-12,14773,9,Mar
Find element that appears once | Find missing number | Max Consecutive number of 1's | Arrays Part-3,2023-03-10,47973,183,Mar
"Rotate Array by K places | Union, Intersection of Sorted Arrays | Move Zeros to End | Arrays Part-2",2023-03-05,100137,290,Mar
Find Second Largest Element in Array | Remove duplicates from Sorted Array | Arrays Intro Video,2023-03-01,156823,262,Mar
Quick Sort For Beginners | Strivers A2Z DSA Course,2023-02-27,58748,146,Feb
Merge Sort | Algorithm | Pseudocode | Dry Run | Code | Strivers A2Z DSA Course,2023-02-08,87735,334,Feb
"Sorting - Part 1 | Selection Sort, Bubble Sort, Insertion Sort | Strivers A2Z DSA Course",2023-01-29,75030,307,Jan
Hashing | Maps | Time Complexity | Collisions | Division Rule of Hashing | Strivers A2Z DSA Course,2023-01-20,112056,340,Jan
Basic Maths for DSA | Euclidean Algorithm | Strivers A2Z DSA Course,2023-01-08,108303,280,Jan
Solve any Pattern Question - Trick Explained | 22 Patterns in 1 Shot | Strivers A2Z DSA Course,2023-01-02,206054,445,Jan
Time and Space Complexity - Strivers A2Z DSA Course,2022-12-31,116551,1083,Dec
C++ Basics in One Shot - Strivers A2Z DSA Course - L1,2022-12-19,334690,461,Dec
G-56. Articulation Point in Graph,2022-11-22,31316,139,Nov
G-55. Bridges in Graph - Using Tarjan's Algorithm of time in and low time,2022-11-22,36581,101,Nov
G-54. Strongly Connected Components - Kosaraju's Algorithm,2022-11-22,37258,90,Nov
G-53. Most Stones Removed with Same Row or Column - DSU,2022-10-23,39306,139,Oct
G-52. Making a Large Island - DSU,2022-10-22,23592,125,Oct
G-51. Number of Islands - II - Online Queries - DSU,2022-10-22,26052,94,Oct
G-50. Accounts Merge - DSU,2022-10-22,29222,115,Oct
G-49. Number of Operations to Make Network Connected - DSU,2022-10-22,26514,92,Oct
G-47. Kruskal's Algorithm - Minimum Spanning Tree - C++ and Java,2022-10-22,47388,96,Oct
G-48. Number of Provinces - Disjoint Set,2022-10-22,24506,65,Oct
G-46. Disjoint Set | Union by Rank | Union by Size | Path Compression,2022-10-22,76439,191,Oct
G-43. Find the City With the Smallest Number of Neighbours at a Threshold Distance,2022-10-22,25899,107,Oct
G-45. Prim's Algorithm - Minimum Spanning Tree - C++ and Java,2022-10-10,72106,503,Oct
G-44. Minimum Spanning Tree - Theory,2022-10-10,34384,60,Oct
G-42. Floyd Warshall Algorithm,2022-10-10,61678,142,Oct
G-41. Bellman Ford Algorithm,2022-10-10,62219,174,Oct
G-40. Number of Ways to Arrive at Destination,2022-10-02,40563,218,Oct
G-39. Minimum Multiplications to Reach End,2022-10-02,29731,180,Oct
G-38. Cheapest Flights Within K Stops,2022-10-02,51487,184,Oct
G-37. Path With Minimum Effort,2022-10-02,43079,131,Oct
G-36. Shortest Distance in a Binary Maze,2022-10-02,47929,181,Oct
G-35. Print Shortest Path - Dijkstra's Algorithm,2022-10-02,54158,124,Oct
"G-34. Dijkstra's Algorithm - Why PQ and not Q, Intuition, Time Complexity Derivation - Part 3",2022-09-28,40892,177,Sep
G-33. Dijkstra's Algorithm - Using Set - Part 2,2022-09-28,43985,127,Sep
G-32. Dijkstra's Algorithm - Using Priority Queue - C++ and Java - Part 1,2022-09-28,102637,160,Sep
G-31. Word Ladder - 2 | Optimised Approach for Leetcode,2022-09-10,31214,99,Sep
G-30. Word Ladder - 2 | Shortest Paths,2022-09-10,43131,130,Sep
G-29. Word Ladder - I | Shortest Paths,2022-09-10,58238,168,Sep
G-28. Shortest Path in Undirected Graph with Unit Weights,2022-09-10,51037,114,Sep
G-27. Shortest Path in Directed Acyclic Graph - Topological Sort,2022-09-10,70423,229,Sep
G-26. Alien Dictionary - Topological Sort,2022-09-10,56498,144,Sep
G-25. Find Eventual Safe States - BFS - Topological Sort,2022-09-05,47903,109,Sep
G-24. Course Schedule I and II | Pre-requisite Tasks | Topological Sort,2022-09-05,65635,160,Sep
G-23. Detect a Cycle in Directed Graph | Topological Sort | Kahn's Algorithm | BFS,2022-09-05,56219,92,Sep
G-22. Kahn's Algorithm | Topological Sort Algorithm | BFS,2022-09-05,71530,99,Sep
G-21. Topological Sort Algorithm | DFS,2022-09-05,83665,126,Sep
G-20. Find Eventual Safe States - DFS,2022-09-03,71223,179,Sep
G-19. Detect cycle in a directed graph using DFS | Java | C++,2022-08-31,73003,173,Aug
G-18. Bipartite Graph | DFS | C++ | Java,2022-08-31,47777,85,Aug
G-17. Bipartite Graph | BFS | C++ | Java,2022-08-31,70051,118,Aug
G-16. Number of Distinct Islands | Constructive Thinking + DFS | C++ | Java,2022-08-30,68499,221,Aug
G-15. Number of Enclaves | Multi-source BFS | C++ | Java,2022-08-30,50829,148,Aug
G-14. Surrounded Regions | Replace O's with X's | C++ | Java,2022-08-29,66130,180,Aug
G-13. Distance of nearest cell having 1 | 0/1 Matrix | C++ | Java,2022-08-17,89547,224,Aug
G-12. Detect a Cycle in an Undirected Graph using DFS | C++ | Java,2022-08-16,70739,133,Aug
G-11. Detect a Cycle in an Undirected Graph using BFS | C++ | Java,2022-08-15,103999,162,Aug
G-10. Rotten Oranges | C++ | Java,2022-08-13,116324,222,Aug
G-8. Number of Islands | Number of Connected Components in Matrix | C++ | Java,2022-08-11,123369,314,Aug
G-9. Flood Fill Algorithm | C++ | Java,2022-08-11,93054,194,Aug
G-7. Number of Provinces | C++ | Java | Connected Components,2022-08-10,105608,210,Aug
G-6. Depth-First Search (DFS) | C++ and Java | Traversal Technique in Graphs,2022-08-08,114894,179,Aug
G-5. Breadth-First Search (BFS) | C++ and Java | Traversal Technique in Graphs,2022-08-07,146824,250,Aug
G-4. What are Connected Components ?,2022-08-06,79231,130,Aug
G-3. Graph Representation in Java | Two Ways to Represent,2022-08-05,52791,70,Aug
G-2. Graph Representation in C++ | Two Ways to Represent,2022-08-05,103295,176,Aug
G-1. Introduction to Graph | Types | Different Conventions Used,2022-08-04,423019,392,Aug
Complete C++ STL in 1 Video | Time Complexity and Notes,2022-06-04,345830,818,Jun
DP 56. Count Square Submatrices with All Ones | DP on Rectangles üî•,2022-05-03,51439,339,May
DP 55. Maximum Rectangle Area with all 1's | DP on Rectangles,2022-05-03,56663,94,May
DP 54. Partition Array for Maximum Sum | Front Partition üî•,2022-05-03,43204,136,May
DP 53. Palindrome Partitioning - II | Front Partition üî•,2022-05-03,46673,180,May
DP 52. Evaluate Boolean Expression to True | Partition DP,2022-05-03,41139,216,May
DP 51. Burst Balloons | Partition DP | Interactive G-Meet Session Update,2022-04-22,65208,223,Apr
DP 50. Minimum Cost to Cut the Stick,2022-04-19,65834,208,Apr
DP 47. Number of Longest Increasing Subsequences,2022-04-10,49171,222,Apr
DP 46. Longest Bitonic Subsequence | LIS,2022-04-09,39432,165,Apr
Codestudio Contest 16 Editorial | Live Problem Solving | Striver,2022-04-08,9252,13,Apr
DP 45. Longest String Chain | Longest Increasing Subsequence | LIS,2022-04-08,47783,158,Apr
DP 44. Largest Divisible Subset | Longest Increasing Subsequence,2022-04-08,51517,160,Apr
DP 43. Longest Increasing Subsequence | Binary Search | Intuition,2022-04-04,88700,266,Apr
DP 42. Printing Longest Increasing Subsequence | Tabulation | Algorithm,2022-04-04,95157,196,Apr
DP 41. Longest Increasing Subsequence | Memoization,2022-04-04,138312,206,Apr
Leetcode Weekly Contest 286 | Free Leetcode Premium Subscriptions Giveaway | Striver,2022-03-27,22561,21,Mar
DP 40. Buy and Sell Stocks With Transaction Fee | Recursion to Space Optimisation,2022-03-25,39311,309,Mar
DP 39. Buy and Sell Stocks With Cooldown | Recursion to Space Optimisation,2022-03-25,45997,178,Mar
DP 38. Buy and Stock Sell IV | Recursion to Space Optimisation,2022-03-25,48686,163,Mar
DP 37. Buy and Sell Stocks III | Recursion to Space Optimisation,2022-03-25,76412,342,Mar
DP 36. Buy and Sell Stock - II | Recursion to Space Optimisation,2022-03-25,102108,355,Mar
DP 35. Best Time to Buy and Sell Stock | DP on Stocks üî•,2022-03-15,113144,262,Mar
DP 34. Wildcard Matching | Recursive to 1D Array Optimisation üî•,2022-03-14,78820,337,Mar
Leetcode Weekly Contest 284 | Free Leetcode Premium Subscriptions Giveaway | Striver,2022-03-13,15379,16,Mar
Codestudio Contest 12 Editorial | Live Problem Solving | Striver,2022-03-12,6640,6,Mar
DP 33. Edit Distance | Recursive to 1D Array Optimised Solution üî•,2022-03-11,87223,366,Mar
DP 32. Distinct Subsequences | 1D Array Optimisation Technique üî•,2022-03-10,79298,445,Mar
DP 31. Shortest Common Supersequence | DP on Strings,2022-03-06,70118,285,Mar
DP 30. Minimum Insertions/Deletions to Convert String A to String B,2022-03-06,50335,235,Mar
DP 29. Minimum Insertions to Make String Palindrome,2022-03-05,77185,244,Mar
DP 28. Longest Palindromic Subsequence,2022-03-05,113922,296,Mar
DP 27. Longest Common Substring | DP on Strings üî•,2022-03-03,94958,329,Mar
DP 26. Print Longest Common Subsequence | Dp on Strings,2022-03-02,84911,330,Mar
Dp 25. Longest Common Subsequence | Top Down | Bottom-Up | Space Optimised | DP on Strings,2022-03-01,150372,555,Mar
Leetcode Weekly Contest 282 | Free Leetcode Premium Subscriptions Giveaway | Striver,2022-02-27,15554,18,Feb
DP 49. Matrix Chain Multiplication | Bottom-Up | Tabulation,2022-02-27,43974,199,Feb
DP 48. Matrix Chain Multiplication | MCM | Partition DP Starts üî•,2022-02-27,105047,335,Feb
Codestudio Contest 11 Editorial | Live Problem Solving | Striver,2022-02-26,7330,7,Feb
Leetcode Weekly Contest 281 | Live Problem Solving | Striver,2022-02-20,20532,22,Feb
Codestudio Contest 10 Editorial | Live Problem Solving | Striver,2022-02-19,10398,6,Feb
DP 24. Rod Cutting Problem | 1D Array Space Optimised Approach,2022-02-18,81243,447,Feb
DP 23. Unbounded Knapsack | 1-D Array Space Optimised Approach,2022-02-17,55877,337,Feb
DP 22. Coin Change 2 | Infinite Supply Problems  | DP on Subsequences,2022-02-16,89143,379,Feb
Leetcode Weekly Contest 280 | Live Problem Solving | Striver,2022-02-13,25912,28,Feb
DP 21. Target Sum | DP on Subsequences,2022-02-11,75567,389,Feb
DP 20. Minimum Coins | DP on Subsequences | Infinite Supplies Pattern,2022-02-10,101464,507,Feb
DP 19. 0/1 Knapsack | Recursion to Single Array Space Optimised Approach | DP on Subsequences,2022-02-09,122988,814,Feb
DP 18. Count Partitions With Given Difference | Dp on Subsequences,2022-02-07,92264,407,Feb
Leetcode Weekly Contest 279 | Live Problem Solving | Striver,2022-02-06,38392,34,Feb
Codestudio Contest Editorial | Live Problem Solving | Striver,2022-02-05,17014,24,Feb
DP 17. Counts Subsets with Sum K | Dp on Subsequences,2022-02-05,102150,653,Feb
take U forward Live Stream,2022-02-03,0,0,Feb
Dp 16. Partition A Set Into Two Subsets With Minimum Absolute Sum Difference | DP on Subsequences,2022-02-03,122506,772,Feb
DP 15. Partition Equal Subset Sum | DP on Subsequences,2022-02-02,99150,498,Feb
DP 14. Subset Sum Equals to Target | Identify DP on Subsequences and Ways to Solve them,2022-02-01,177935,726,Feb
DP 13. Cherry Pickup II | 3D DP Made Easy | DP On Grids,2022-01-29,111783,635,Jan
DP 12. Minimum/Maximum Falling Path Sum | Variable Starting and Ending Points | DP on Grids,2022-01-27,110150,838,Jan
DP 11. Triangle | Fixed Starting Point and Variable Ending Point | DP on GRIDS,2022-01-25,103629,668,Jan
DP 10. Minimum Path Sum in Grid | Asked to me In Microsoft Internship Interview | DP on GRIDS,2022-01-19,114846,761,Jan
DP 9. Unique Paths 2 | DP on Grid with Maze Obstacles,2022-01-19,91992,724,Jan
DP 8. Grid Unique Paths | Learn Everything about DP on Grids | ALL TECHNIQUES üî•,2022-01-19,167406,954,Jan
DP 7. Ninja's Training | MUST WATCH for 2D CONCEPTS üî• | Vacation | Atcoder | 2D DP |,2022-01-14,205630,2079,Jan
DP 6. House Robber 2 | 1D DP | DP on Subsequences,2022-01-14,137955,1085,Jan
DP 5. Maximum Sum of Non-Adjacent Elements | House Robber | 1-D | DP on Subsequences,2022-01-12,200316,2657,Jan
DP 4. Frog Jump with K Distance | Lecture 3 Follow Up Question,2022-01-12,142773,1467,Jan
DP 3. Frog Jump | Dynamic Programming | Learn to write 1D DP,2022-01-10,262898,1474,Jan
DP 2. Climbing Stairs | Learn How to Write 1D Recurrence Relations,2022-01-09,235292,734,Jan
DP 1. Introduction to Dynamic Programming | Memoization | Tabulation | Space Optimization Techniques,2022-01-08,443462,2214,Jan
Striver's Dynamic Programming Series | The ULTIMATE | The BIGGEST | Teaser  #shorts,2022-01-07,638747,150,Jan
L7. All Kind of Patterns in Recursion | Print All | Print one | Count,2021-12-25,277347,435,Dec
L6. Recursion on Subsequences | Printing Subsequences,2021-12-25,298470,391,Dec
Re 5. Multiple Recursion Calls | Problems | Strivers A2Z DSA Course,2021-12-25,178398,146,Dec
Re 4. Problems on Functional Recursion | Strivers A2Z DSA Course,2021-12-25,195687,188,Dec
Re 3. Parameterised and Functional Recursion | Strivers A2Z DSA Course,2021-12-25,208509,223,Dec
Re 2. Problems on Recursion | Strivers A2Z DSA Course,2021-12-25,259489,637,Dec
Re 1. Introduction to Recursion | Recursion Tree | Stack Space | Strivers A2Z DSA Course,2021-12-25,682215,304,Dec
L7. Maximum XOR With an Element From Array | Queries | C++ | Java,2021-12-08,30033,166,Dec
L6. Maximum XOR of Two Numbers in an Array | C++ | Java,2021-12-08,43361,125,Dec
How I Got into Google Warsaw As Software Engineer | Interview EXPERIENCE | Preparation Strategies,2021-12-06,323737,483,Dec
L5. Bit PreRequisites for TRIE Problems,2021-11-29,21573,81,Nov
L4. Number of Distinct Substrings in a String | Trie | C++ | Java,2021-11-26,36706,100,Nov
L3. Longest Word With All Prefixes | Complete String | Trie,2021-11-25,38207,106,Nov
L2. Implement Trie-2 | INSERT | countWordsEqualTo() | countWordsStartingWith() | C++ | Java,2021-11-13,48810,178,Nov
L1. Implement TRIE | INSERT | SEARCH | STARTSWITH,2021-11-12,166274,285,Nov
L53. Largest BST in Binary Tree,2021-11-07,82401,256,Nov
L52. Recover BST | Correct BST with two nodes swapped,2021-11-06,64961,88,Nov
L51. Two Sum In BST | Check if there exists a pair with Sum K,2021-10-31,71661,125,Oct
L50. Binary Search Tree Iterator | BST | O(H) Space,2021-10-30,67718,115,Oct
L49. Inorder Successor/Predecessor in BST | 3 Methods,2021-10-29,69659,134,Oct
L48. Construct a BST from a preorder traversal | 3 Methods,2021-10-28,79133,115,Oct
L47. LCA in Binary Search Tree,2021-10-27,59779,90,Oct
L46. Check if a tree is a BST or BT | Validate a BST,2021-10-26,90692,150,Oct
L45. K-th Smallest/Largest Element in BST,2021-10-25,89367,139,Oct
Dussehra GIFT | BIGGEST SURPRISE REVEALEDüî• #shorts,2021-10-15,61893,106,Oct
UNBOXING something very SPECIAL ‚ù§Ô∏è,2021-09-05,18879,189,Sep
L42. Floor in a Binary Search Tree | BST | C++ | Java,2021-09-01,48617,55,Sep
L44. Delete a Node in Binary Search Tree | BST | C++ | Java,2021-09-01,89492,147,Sep
L40. Search in a Binary Search Tree | BST | C++ | Java,2021-09-01,54671,69,Sep
L41. Ceil in a Binary Search Tree | BST | C++ | Java,2021-09-01,55128,63,Sep
L43. Insert a given Node in Binary Search Tree | BST | C++ | Java,2021-09-01,58081,72,Sep
L39. Introduction to Binary Search Tree | BST,2021-09-01,55110,54,Sep
L38. Flatten a Binary Tree to Linked List | 3 Approaches | C++ | Java,2021-09-01,107043,186,Sep
L37. Morris Traversal | Preorder | Inorder | C++ | Java,2021-09-01,127354,199,Sep
L36. Serialize and De-serialize Binary Tree | C++ | Java,2021-09-01,74049,99,Sep
L35. Construct the Binary Tree from Postorder and Inorder Traversal | C++ | Java,2021-08-31,65969,128,Aug
L34. Construct a Binary Tree from Preorder and Inorder Traversal | C++ | Java,2021-08-31,130398,265,Aug
L33. Requirements needed to construct a Unique Binary Tree | Theory,2021-08-31,49315,71,Aug
L32. Count total Nodes in a COMPLETE Binary Tree | O(Log^2 N) Approach | C++ | Java,2021-08-31,62372,191,Aug
L31. Minimum time taken to BURN the Binary Tree from a Node | C++ | Java,2021-08-30,78983,186,Aug
L30. Print all the Nodes at a distance of K in Binary Tree | C++ | Java,2021-08-30,106894,198,Aug
L29. Children Sum Property in Binary Tree | O(N) Approach | C++ | Java,2021-08-30,84798,197,Aug
L28. Maximum Width of Binary Tree | C++ | Java,2021-08-30,135785,243,Aug
L27. Lowest Common Ancestor in Binary Tree | LCA | C++ | Java,2021-08-29,158246,234,Aug
L26. Print Root to Node Path in Binary Tree | C++ | Java,2021-08-29,109309,203,Aug
L25. Check for Symmetrical Binary Trees | C++ | Java,2021-08-29,85934,141,Aug
L24. Right/Left View of Binary Tree | C++ | Java,2021-08-29,114252,214,Aug
L23. Bottom View of Binary Tree | C++ | Java,2021-08-29,96887,135,Aug
L22. Top View of Binary Tree | C++ | Java,2021-08-29,133932,247,Aug
L21. Vertical Order Traversal of Binary Tree | C++ | Java,2021-08-29,161544,313,Aug
L20. Boundary Traversal in Binary Tree | C++ | Java,2021-08-23,138010,284,Aug
L19. Zig-Zag or Spiral Traversal in Binary Tree | C++ | Java,2021-08-23,133089,280,Aug
L18. Check it two trees are Identical or Not | C++ | Java,2021-08-23,93683,117,Aug
L17. Maximum Path Sum in Binary Tree | C++ | Java,2021-08-23,171414,340,Aug
L16. Diameter of Binary Tree | C++ | Java,2021-08-23,179441,238,Aug
L15. Check for Balanced Binary Tree | C++ | Java,2021-08-23,164958,244,Aug
L14. Maximum Depth in Binary Tree | Height of Binary Tree | C++ | Java,2021-08-22,147952,229,Aug
L13. Preorder Inorder Postorder Traversals in One Traversal | C++ | Java | Stack | Binary Trees,2021-08-22,102080,203,Aug
L12. Iterative Postorder Traversal using 1 Stack | C++ | Java | Binary Trees,2021-08-22,120700,218,Aug
L11. Iterative Postorder Traversal using 2 Stack | C++ | Java | Binary Tree,2021-08-22,111522,149,Aug
L10. iterative Inorder Traversal in Binary Tree | C++ | Java | Stack,2021-08-22,162935,120,Aug
L9. Iterative Preorder Traversal in Binary Tree | C++ | Java | Stack,2021-08-22,156338,143,Aug
L8. Level Order Traversal of Binary Tree | BFS | C++ | Java,2021-08-21,187295,218,Aug
L7. Postorder Traversal of Binary Tree | C++ | Java | Code Explanation,2021-08-21,75882,73,Aug
L6. Inorder Traversal of Binary Tree | C++ | Java | Code Explanation,2021-08-21,107986,86,Aug
L5. Preorder Traversal of Binary Tree | C++ | Java | Code Explanation,2021-08-21,134952,117,Aug
L4. Binary Tree Traversals in Binary Tree | BFS | DFS,2021-08-20,146430,179,Aug
L3. Binary Tree Representation in Java,2021-08-20,88641,84,Aug
L2. Binary Tree Representation in C++,2021-08-20,123710,157,Aug
L1. Introduction to Trees | Types of Trees,2021-08-20,252200,348,Aug
Announcing the FREE ka TREE SERIES  #shorts,2021-08-14,421420,159,Aug
Rotten Oranges (BFS) | C++ & Java Code,2021-07-21,53034,125,Jul
Implement Min Stack | O(2N) and O(N) Space Complexity,2021-07-19,41524,54,Jul
Sliding Window Maximum | Leetcode,2021-07-16,138214,169,Jul
Largest Rectangle in Histogram | Part - 2 (6-7 lines of Code Approach),2021-07-06,66191,113,Jul
Largest Rectangle in Histogram | Part - 1 | Leetcode 84,2021-07-06,115023,120,Jul
Implement LFU cache in C++/Java  | Leetcode(Hard),2021-07-01,33453,57,Jul
Imlement LFU Cache | Leetcode(Hard),2021-07-01,68416,89,Jul
Implement LRU Cache | C++ and Java Clean and Short Implementation,2021-06-23,73414,158,Jun
Implement LRU Cache | Leetcode,2021-06-23,156392,194,Jun
Next Greater Element | Two Variants | Leetcode,2021-06-21,131507,184,Jun
Valid Parentheses | Leetcode,2021-06-16,97196,114,Jun
Queue Implementation using Stack | O(1) Push and Pop Operations,2021-06-15,88960,93,Jun
Stack Implementation using a Single Queue,2021-06-14,96200,78,Jun
Queue Implementation using Arrays,2021-06-11,61946,51,Jun
Aggressive Cows | Binary Search,2021-06-08,94515,269,Jun
Allocate Minimum Number of Pages | Binary Search,2021-06-07,122185,662,Jun
Implementation of Stack using Arrays,2021-06-03,116730,63,Jun
Power Set | Print all Subsequences,2021-06-02,87020,91,Jun
"K-th element of two sorted Arrays | O(log(min(n,m))) approach",2021-06-01,95973,202,Jun
Median of two Sorted Arrays of Different Sizes | Binary Search,2021-05-29,212325,545,May
Search Element In a Rotated Sorted Array | Leetcode,2021-05-28,99419,176,May
Single Element In Sorted Array | Leetcode,2021-05-27,62876,92,May
Median of Row Wise Sorted Matrix | Nested Binary Search,2021-05-26,117159,241,May
Nth Root of a Number Using Binary Search,2021-05-25,91813,187,May
L19. Rat in A Maze | Backtracking,2021-05-17,126211,238,May
L16. M-Coloring Problem | Backtracking,2021-05-14,115581,166,May
L15. Sudoko Solver | Backtracking,2021-05-12,152823,265,May
L14. N-Queens | Leetcode Hard | Backtracking,2021-05-11,225935,381,May
Kosaraju's Algorithm for Strongly Connected Components (SCC),2021-04-28,80206,146,Apr
Bellman Ford Algorithm | Detect Negative Weight Cycle in Graphs,2021-04-28,79527,206,Apr
Bridges in Graph | Cut Edge,2021-04-28,81796,159,Apr
Articulation Point | Cut Vertex,2021-04-28,47985,119,Apr
Prim's Algorithm | C++ Code Implementation,2021-04-28,88762,149,Apr
Kruskal's Algorithm,2021-04-28,93339,128,Apr
Prim's Algorithm | Java Code Implementation,2021-04-28,30888,42,Apr
Prims Algorithm | Minimum Spanning Tree,2021-04-28,129498,76,Apr
Disjoint Set | Union By Rank and Path Compression,2021-04-28,114676,177,Apr
Dijkstra's Algorithm | Shortest Path in Undirected Graphs,2021-04-28,160334,315,Apr
Minimum Spanning Tree Explanation,2021-04-28,71607,42,Apr
Shortest Path in Directed Acyclic Graph (DAG),2021-04-28,93352,331,Apr
Cycle Detection in Directed Graph using BFS(Kahn's Algorithm),2021-04-28,82161,81,Apr
Shortest Path in Undirected Graph with Unit Weights,2021-04-28,94812,152,Apr
Bipartite Graph (DFS) | Graph Coloring,2021-04-28,73905,100,Apr
Cycle Detection in Directed Graph using DFS,2021-04-28,151377,217,Apr
Topological Sort (BFS) | Kahn's Algorithm,2021-04-28,101614,150,Apr
Bipartite Graph (BFS) | Graph Coloring,2021-04-28,124123,138,Apr
Topological Sort (DFS),2021-04-28,135192,162,Apr
Cycle Detection in Undirected Graph using BFS,2021-04-28,155128,171,Apr
Graph Representation in C++,2021-04-28,125539,168,Apr
Depth-First Dearch (DFS) | Traversal Technique in Graph,2021-04-28,136277,147,Apr
Cycle Detection in Undirected Graph using DFS,2021-04-28,123513,133,Apr
Connected Components in Graphs,2021-04-28,106977,60,Apr
Graph Representation in Java,2021-04-28,67063,39,Apr
Breadth-First Search (BFS) | Traversal Technique in Graphs,2021-04-28,175013,245,Apr
"Instead of watching this, watch the new series, link in description....",2021-04-28,230192,137,Apr
3 MAJOR ANNOUNCEMENTS |  Strivers Graph Challenge,2021-04-27,223645,223,Apr
L13. Print all Permutations of a String/Array | Recursion | Approach - 2,2021-03-08,184307,203,Mar
L12. Print all Permutations of a String/Array | Recursion | Approach - 1,2021-03-08,258669,193,Mar
L18. K-th Permutation Sequence | Leetcode,2021-03-04,128912,254,Mar
L11. Subset Sum II | Leetcode | Recursion,2021-03-03,184422,288,Mar
Leaving FACEBOOK and AMAZON to do something you dream needs real COURAGE !!!,2021-02-28,10096,30,Feb
L10. Subset Sum I | Recursion | C++ | Java,2021-02-26,205397,232,Feb
L17. Palindrome Partitioning | Leetcode | Recursion | C++ | Java,2021-02-24,151793,176,Feb
L9. Combination Sum II | Leetcode | Recursion | Java | C++,2021-02-11,240224,362,Feb
L8. Combination Sum | Recursion | Leetcode | C++ | Java,2021-02-08,353674,435,Feb
Minimum Coins | Greedy Algorithms,2021-02-04,56649,133,Feb
Fractional Knapsack | Greedy Algorithms,2021-02-03,66357,90,Feb
WHAT HAPPENED TO ME and HOW AM I NOW ??????,2021-01-29,20892,152,Jan
Job Sequencing Problem | Greedy Algorithms,2021-01-18,103681,142,Jan
All Semester Roadmap !!,2021-01-16,37290,171,Jan
Minimum Platforms | Greedy Algorithms,2021-01-13,115406,251,Jan
N meetings In One Room | Greedy Algorithm,2021-01-03,134688,206,Jan
Max Consecutive Ones | Leetcode,2021-01-02,58825,52,Jan
Remove Duplicates From Sorted Array | Brute | Optimal,2021-01-01,101677,76,Jan
Trapping Rainwater | Brute | Better | Optimal | with INTUITION,2020-12-20,155480,250,Dec
3 SUM | Brute | Better | Optimal | C++ | Java,2020-12-17,215105,296,Dec
Clone a Linked List with next and random pointer | Linear Time and Constant Space Solution,2020-12-10,98964,167,Dec
Rotate a LinkedList | Adobe | Amazon | Microsoft | GS | MMT,2020-12-09,80866,97,Dec
Flattening of a Linked List | Amazon | Microsoft,2020-12-08,109435,221,Dec
"FIND THE STARTING POINT OF THE CYCLE | Knowing Algorithm is Okay, But Knowing The Intuition Matters",2020-11-25,80871,138,Nov
üî¥ The Ultimate CP Sheet For Coding Rounds and Contests at Codeforces Codechef,2020-11-17,94547,456,Nov
Reverse Nodes in k-Group | Among the toughest problems of LinkedList,2020-11-11,148106,268,Nov
How To Make A Perfect Resume | For FAANG And Other Product Based Companies,2020-11-04,26547,117,Nov
Check for Palindromic Linked List | Snapdeal | Adobe | Amazon,2020-11-02,101017,126,Nov
Detect a Cycle in Linked List | Amazon | Samsung | Microsoft,2020-10-30,95243,112,Oct
Intersection point of two Linked Lists | Amazon | Microsoft | Brute | Better | Optimal1 | Optimal2,2020-10-29,117837,215,Oct
"An inspiring journey of a 6* Coder, Candidate Master, Incoming Intern at Amazon, Hackerearth Intern.",2020-10-23,61862,188,Oct
QnA Video(1) | Yeahhhhh we are 50000 strong !!,2020-10-16,23240,193,Oct
Add Two Numbers Given as LinkedLists | Amazon | Microsoft | Facebook | Qualcomm,2020-10-11,143582,214,Oct
Delete Node in a Linked List | Can you solve it ?,2020-10-11,72802,115,Oct
Remove Nth Node From End of Linked List | Amazon | Microsoft | Adobe,2020-10-11,134921,190,Oct
Merge Two Sorted Lists | Microsoft | Yahoo | Amazon,2020-10-11,149255,148,Oct
Middle of the Linked List | Amazon | Microsoft,2020-10-11,89162,130,Oct
Reverse a Linked List | Iterative,2020-10-11,235474,69,Oct
Let's give back to the community :),2020-10-07,136277,112,Oct
Longest Substring Without Repeating Characters | Amazon,2020-10-06,190054,205,Oct
Count Subarrays with Xor as K | This problem clears a lot of concepts,2020-10-01,107647,180,Oct
Largest Subarray with Zero Sum | Amazon | MMT,2020-09-30,135467,164,Sep
Longest Consecutive Sequence | Leetcode(Hard) | GooGLe,2020-09-29,131566,434,Sep
4SUM | GOOGLE | AMAZON,2020-09-16,158813,347,Sep
You Should Be Ashamed Of Yourselves !!,2020-09-06,159858,1013,Sep
Two Sum Problem | Leetcode's First Ever Problem,2020-09-04,363237,277,Sep
Reverse Pairs | Leetcode(HARD),2020-09-03,146641,242,Sep
Behind The Scenes Of Making My YouTube Videos,2020-09-02,23679,219,Sep
Grid Unique Paths | GOOGLE interview question | Brute-Better-Optimal,2020-09-02,123429,283,Sep
Majority Element II | GOOGLE Interview Question | Brute-Better-Optimal,2020-09-01,120747,303,Sep
Majority Element | Leetcode | C++ | Java | Brute-Better-Optimal | Moore's Voting Algorithm,2020-08-26,153552,421,Aug
"POW(x,n) | Binary Exponentiation | Leetcode",2020-08-25,126595,181,Aug
Search in 2D-MATRIX | Leetcode | GFG | C++ | Java | Brute-Better-Better-Optimal,2020-08-24,140151,333,Aug
ROTATE IMAGE | Leetcode | C++ | Java | Brute-Optimal,2020-08-21,133063,184,Aug
Best Time to BUY and SELL STOCK | Leetcode | C++ | Java | Brute-Optimal,2020-08-20,144952,212,Aug
COUNT INVERSIONS in an ARRAY | Leetcode | C++ | Java | Brute-Optimal,2020-08-19,221997,281,Aug
NEXT PERMUTATION | Leetcode | Know the Intuition behind the Algorithm | C++ | Java | Brute-Optimal,2020-08-18,308651,420,Aug
PASCAL Triangle | Leetcode | C++ | Java | 3 problems asked in Interviews related to Pascal discussed,2020-08-17,209024,192,Aug
From giving up Coding to getting an Internship offer at AMAZON in one year | Lets know the journey !,2020-08-12,47834,248,Aug
Set Matrix Zeros | Leetcode | C++ | Java | Brute-Better-Optimal,2020-08-07,296226,386,Aug
Merge Intervals | Leetcode | Problem-6 | Brute-Optimal | C++/Java,2020-08-05,216063,342,Aug
Maximum Subarray Sum | Leetcode | Kadane's Algorithm | Brute-Better-Optimal | CPP/Java,2020-08-03,266759,521,Aug
Merge two sorted arrays in O(1) space | GFG | C++ and Java | Brute-Better-Optimal,2020-08-01,295760,574,Aug
Find the Missing and Repeating Number | GFG | C++ and Java | Brute-Better-Optimal-Optimal,2020-07-31,219373,518,Jul
Sort an array of 0's 1's & 2's | Leetcode | C++ and Java | Brute-Better-Optimal,2020-07-30,285983,798,Jul
Find the duplicate number | Leetcode | C++ and Java | Brute-Better-Optimal,2020-07-29,434286,886,Jul
OLYMPICS of Programming || ICPC makes you standout in Interviews ??,2020-07-17,32715,160,Jul
Lazy Propagation in Segment Tree | Point and Range Updates | Live Coding,2020-07-11,28262,71,Jul
üî¥ TCS CODEVITA üî¥ How to prepare yourself for Codevita | How will you get a job through Codevita?,2020-06-27,89756,361,Jun
"üî¥ Companies that HIRE off-campus |  When to Apply ? | Salary that they offer.. | GIVEAWAY(Rs 50,000)",2020-06-22,111040,291,Jun
Segment Tree: Build and Query | Live Coding..,2020-06-15,62459,98,Jun
üî¥ Python tricks for Competitive Programming,2020-06-14,38371,75,Jun
Thankyouuu for the love and 10000 subscribers in such a short span | Kuch bhi puchlooo aaj toh ;),2020-06-11,11400,44,Jun
üî¥ Interviewing Sirjan who cracked India's TOUGHEST Interview | Lower volume to get better quality,2020-06-10,30667,42,Jun
üî¥ Striver's SDE sheet | Take every concept from every problem in the sheet and be Placement Ready!,2020-06-08,455500,565,Jun
üî¥ GUIDE for COMPETITIVE PROGRAMMING | RESOURCES | EXCEL YOURSELF,2020-06-01,140873,592,Jun
Codeforces Round #645 | Problem D | Binary Search + Prefix Sum,2020-05-26,8650,88,May
AtCoder Educational DP Contest | Problem C | WATCH TILL END,2020-05-25,8058,35,May
AtCoder Educational DP Contest | Problem B | Remove the fear of Dynamic Programming,2020-05-24,5005,45,May
Codeforces Education Round #87 | Multiset | Binary Lifting on Fenwick Tree Approach,2020-05-18,2856,13,May
Codeforces Education Round #87 | Multiset | Binary Search + Fenwick Tree Approach,2020-05-18,8152,36,May
Binary Lifting on Fenwick Tree Tutorial | Update and Query operations,2020-05-18,8856,9,May
Fenwick Tree Tutorial | Foolw-up problem from Codeforces | Check first comment before starting,2020-05-18,48667,71,May
How I bought MACBOOK without doing a job | How I paid college fees while studying | Fulfill Dreams,2020-05-17,135059,250,May
Codeforces Round #643 | Count Triangles,2020-05-16,8578,62,May
Codeforces Round #642 | Problem F | Decreasing Heights | Dynamic Programming,2020-05-15,3269,30,May
Codeforces Round #642 | Constructing the Array | Join telegram group from link in description,2020-05-14,4396,28,May
Codeforces Round #642 | Problem E | K-periodic Garland | Dynamic Programming,2020-05-14,7592,61,May
Codeforces Round #641 | Orac and Models | Dynamic Programming,2020-05-13,4958,19,May
Codeforces Round #641 | Orac and Medians | Problem D | Interesting Greedy Problem,2020-05-12,2533,16,May
Codeforces Round 641 | Orac and LCM | Maths,2020-05-12,8457,89,May
AtCoder Educational DP Contest | Problem A | Remove the fear of Dynamic Programming,2020-05-12,12882,67,May
Learn C++ STL in 45 minutes | Containers | Algorithms | Comparators | Competitive Programming,2020-05-10,145050,567,May
Binary Search with C++ STL | 4 Problems followed up | Lower Bound and Upper Bound explained,2020-05-08,100633,122,May
Codeforces Round 638 Division 2 | Phoenix and Science | Problem-D,2020-05-01,4203,43,May
Codeforces Round 638 | Phoenix and Distribution | Problem-C,2020-05-01,3724,63,May
Codeforces Round 638 Division 2 | Phoenix and Beauty | Problem-B,2020-05-01,5218,43,May
Coordinate Compression | A small but an useful trick to have in the armoury | Watch till end !!!,2020-04-27,11234,43,Apr
Codeforces Educational Round #86 | Yet Another Counting Problem | Watch till Code explanation,2020-04-26,9567,43,Apr
Roadmap to learn Data-Structures and Algorithms!! How to start competitive Programming??,2020-04-26,242423,492,Apr
Dynamic Programming + Path | Codeforces Round 637 | Nastya and Scoreboard,2020-04-23,7865,48,Apr
How to setup Sublime Text for Competitive Programming?,2020-04-22,157027,284,Apr
Codeforces Round 635 | Problem D | Greedy plus Binary Search solves it easily,2020-04-22,2266,14,Apr
Scanline Algorithm | Codeforces Round 636 | Constant Palindrome Sum | I say it prefix trick,2020-04-21,26673,129,Apr
Greedy fails but adding a small trick to Greedy works | Trees | Codeforces 635 - C,2020-04-19,4422,41,Apr
An Interesting Problem on Tree from Codeforces | Round 633 | Problem D,2020-04-18,5766,30,Apr
How to get an internship at Amazon | Internship Interview Experience | Where to prepare from,2020-04-09,127234,256,Apr
How to approach people at Linkedin | How to build connections | Whom to message for referrals,2020-04-04,30954,74,Apr
Experience with Scaler Academy | More insights in the Description !!,2020-04-01,157322,570,Apr
Longest Increasing Subsequence NlogN approach,2020-03-29,61953,139,Mar
Equal Average Partition Dynamic Programming,2020-03-23,19420,59,Mar
